{"bias": 0.022608033328426466, "moved": 0.10909000196826332, "is_stop_action": -0.19151577969322647, "action_reverse": -0.024973774944258287, "invader_present": 0.3153991823049016, "invader_distance": -0.17006177188821145, "closest_invader_dist": -0.1450679218773895, "invader_1_step": 0.4255339442468183, "invader_2_step": 0.4064839944435447, "invader_3_plus_step": 0.0750115167672083, "invader_carrying_food": 0.2879283750820346, "multiple_invaders": 0.37130989009938564, "food_defended": 0.18622204134849257, "food_being_eaten": -0.12972746009442462, "min_food_distance": 0.10636334403949122, "food_density": 0.10589736979228564, "patrol_score": 0.09647715485098493, "choke_point_control": 0.22747180153783578, "center_position": 0.15239097356731784, "flank_protection": 0.038792946252106796, "eating_invader": 0.7575613775318564, "near_edible_opponent": 0.31209507401417075, "near_dangerous_opponent": -0.1586623948120628, "im_scared": -0.31028556523749976, "scared_timer": -0.060514473897994005, "border_distance": -0.10372056134517002, "teammate_distance": 0.019807491120540758, "teammate_on_defense": 0.22214844508978251, "we_scared": -0.128905785702187804, "predictive_positioning": 0.14798791327220749, "time_pressure": 0.045824034339444}