{"score_gain": 0.10319152349506475, "bias": 0.4244902760180313, "moved": 0.21548497357815952, "is_action_stop": -0.39345419309853, "im_pacman": 0.26881437940999553, "edible_opp_1_far": 0.06232410166522531, "edible_opp_2_far": 0.05430966534040033, "dangerous_opp_1_far": -0.15076050932597793, "dangerous_opp_2_far": -0.09874920054661913, "min_edible_dist": -0.21854789120883472, "min_dangerous_dist": 0.07564837431401258, "min_capsule_dist": -0.6893805666527831, "min_food_dist": -1.0177292144438388, "min_dist_home": -0.0854568663631837, "3_from_border": 0.09132695470425407, "carrying_food": 0.7636070061928109, "eating_food": 0.9}